[
    {
        "q3_2010": 8714.96,
        "q3_2011": 4912.78,
        "q2_2011": 4553.26,
        "q2_2012": 4248.24,
        "q2_2010": 9729.95,
        "region_filter": "asia",
        "account": "Total Revenue",
        "id": 1,
        "q4_2010": 7547.5,
        "q4_2011": 7643.07,
        "q1_2010": 3409.84,
        "region": "Asia",
        "q1_2011": 4301.14,
        "q1_2012": 7229.37
    },
    {
        "q3_2010": 3777.55,
        "q3_2011": 8175.45,
        "q2_2011": 8420.51,
        "q2_2012": 8196.03,
        "q2_2010": 6296.23,
        "region_filter": "Australia_and_Oceania",
        "account": "Total Revenue",
        "id": 2,
        "q4_2010": 6746.36,
        "q4_2011": 6531.2,
        "q1_2010": 5950.9,
        "region": "Australia",
        "q1_2011": 6648.29,
        "q1_2012": 5699.43
    },
    {
        "q3_2010": 8332.02,
        "q3_2011": 9495.17,
        "q2_2011": 8272.1,
        "q2_2012": 5348.84,
        "q2_2010": 3440.87,
        "region_filter": "Central_America",
        "account": "Total Revenue",
        "id": 3,
        "q4_2010": 4220.71,
        "q4_2011": 7783.67,
        "q1_2010": 9429.34,
        "region": "Central America",
        "q1_2011": 7731.34,
        "q1_2012": 5752.0
    },
    {
        "q3_2010": 3977.3,
        "q3_2011": 8855.18,
        "q2_2011": 5645.36,
        "q2_2012": 8894.74,
        "q2_2010": 7754.69,
        "region_filter": "europe",
        "account": "Total Revenue",
        "id": 4,
        "q4_2010": 6189.99,
        "q4_2011": 6623.97,
        "q1_2010": 5801.67,
        "region": "Europe",
        "q1_2011": 9611.73,
        "q1_2012": 8068.88
    },
    {
        "q3_2010": 3895.92,
        "q3_2011": 5718.38,
        "q2_2011": 4855.47,
        "q2_2012": 3316.59,
        "q2_2010": 5226.06,
        "region_filter": "Middle_East",
        "account": "Total Revenue",
        "id": 5,
        "q4_2010": 6242.94,
        "q4_2011": 9226.51,
        "q1_2010": 8996.28,
        "region": "Middle East",
        "q1_2011": 5719.24,
        "q1_2012": 8353.03
    },
    {
        "q3_2010": 9547.44,
        "q3_2011": 7151.09,
        "q2_2011": 4631.44,
        "q2_2012": 9089.56,
        "q2_2010": 9875.78,
        "region_filter": "North_America",
        "account": "Total Revenue",
        "id": 6,
        "q4_2010": 5373.97,
        "q4_2011": 3902.53,
        "q1_2010": 5412.01,
        "region": "North America",
        "q1_2011": 8311.17,
        "q1_2012": 8147.56
    },
    {
        "q3_2010": 8788.24,
        "q3_2011": 8670.75,
        "q2_2011": 3255.13,
        "q2_2012": 5960.27,
        "q2_2010": 3323.38,
        "region_filter": "South_America",
        "account": "Total Revenue",
        "id": 7,
        "q4_2010": 3690.23,
        "q4_2011": 9404.87,
        "q1_2010": 9393.58,
        "region": "South America",
        "q1_2011": 6133.82,
        "q1_2012": 3856.21
    },
    {
        "q3_2010": 4031.25,
        "q3_2011": 5974.36,
        "q2_2011": 5799.9,
        "q2_2012": 6402.8,
        "q2_2010": 3561.19,
        "region_filter": "Sub_Saharan_Africa",
        "account": "Total Revenue",
        "id": 8,
        "q4_2010": 8900.97,
        "q4_2011": 5794.89,
        "q1_2010": 4673.81,
        "region": "Africa",
        "q1_2011": 9347.2,
        "q1_2012": 5975.42
    },
    {
        "q3_2010": 5695.87,
        "q3_2011": 9667.73,
        "q2_2011": 5987.4,
        "q2_2012": 7852.73,
        "q2_2010": 8012.52,
        "region_filter": "asia",
        "account": "Cost Of Revenue",
        "id": 9,
        "q4_2010": 9791.57,
        "q4_2011": 8601.62,
        "q1_2010": 9360.91,
        "region": "Asia",
        "q1_2011": 6866.77,
        "q1_2012": 4029.77
    },
    {
        "q3_2010": 8097.43,
        "q3_2011": 5203.25,
        "q2_2011": 9878.69,
        "q2_2012": 5631.21,
        "q2_2010": 3446.67,
        "region_filter": "Australia_and_Oceania",
        "account": "Cost Of Revenue",
        "id": 10,
        "q4_2010": 6990.06,
        "q4_2011": 4090.45,
        "q1_2010": 9229.03,
        "region": "Australia",
        "q1_2011": 3623.52,
        "q1_2012": 6402.08
    },
    {
        "q3_2010": 3110.82,
        "q3_2011": 5308.33,
        "q2_2011": 7483.21,
        "q2_2012": 3102.48,
        "q2_2010": 4736.82,
        "region_filter": "Central_America",
        "account": "Cost Of Revenue",
        "id": 11,
        "q4_2010": 3587.25,
        "q4_2011": 7753.27,
        "q1_2010": 9935.92,
        "region": "Central America",
        "q1_2011": 8008.22,
        "q1_2012": 5712.55
    },
    {
        "q3_2010": 4512.31,
        "q3_2011": 6456.72,
        "q2_2011": 6209.29,
        "q2_2012": 5028.95,
        "q2_2010": 3169.76,
        "region_filter": "europe",
        "account": "Cost Of Revenue",
        "id": 12,
        "q4_2010": 4728.08,
        "q4_2011": 7407.92,
        "q1_2010": 7769.18,
        "region": "Europe",
        "q1_2011": 8596.18,
        "q1_2012": 4497.16
    },
    {
        "q3_2010": 4883.52,
        "q3_2011": 6815.74,
        "q2_2011": 9510.61,
        "q2_2012": 4428.95,
        "q2_2010": 4558.57,
        "region_filter": "Middle_East",
        "account": "Cost Of Revenue",
        "id": 13,
        "q4_2010": 6460.27,
        "q4_2011": 3167.89,
        "q1_2010": 5662.07,
        "region": "Middle East",
        "q1_2011": 9739.27,
        "q1_2012": 9296.3
    },
    {
        "q3_2010": 5476.61,
        "q3_2011": 9954.47,
        "q2_2011": 3877.94,
        "q2_2012": 8094.94,
        "q2_2010": 7437.11,
        "region_filter": "North_America",
        "account": "Cost Of Revenue",
        "id": 14,
        "q4_2010": 4916.22,
        "q4_2011": 8642.86,
        "q1_2010": 9258.65,
        "region": "North America",
        "q1_2011": 5146.26,
        "q1_2012": 7521.79
    },
    {
        "q3_2010": 3600.59,
        "q3_2011": 7788.19,
        "q2_2011": 5909.94,
        "q2_2012": 5585.44,
        "q2_2010": 5329.43,
        "region_filter": "South_America",
        "account": "Cost Of Revenue",
        "id": 15,
        "q4_2010": 8700.4,
        "q4_2011": 9638.19,
        "q1_2010": 8613.18,
        "region": "South America",
        "q1_2011": 6744.67,
        "q1_2012": 3849.01
    },
    {
        "q3_2010": 3058.22,
        "q3_2011": 6982.03,
        "q2_2011": 4436.9,
        "q2_2012": 5809.28,
        "q2_2010": 5728.8,
        "region_filter": "Sub_Saharan_Africa",
        "account": "Cost Of Revenue",
        "id": 16,
        "q4_2010": 8705.29,
        "q4_2011": 4560.45,
        "q1_2010": 5619.15,
        "region": "Africa",
        "q1_2011": 7857.28,
        "q1_2012": 7563.58
    },
    {
        "q3_2010": 7057.38,
        "q3_2011": 5724.71,
        "q2_2011": 8464.54,
        "q2_2012": 9386.68,
        "q2_2010": 5456.13,
        "region_filter": "asia",
        "account": "Gross Profit",
        "id": 17,
        "q4_2010": 4389.04,
        "q4_2011": 8571.26,
        "q1_2010": 4317.09,
        "region": "Asia",
        "q1_2011": 4755.67,
        "q1_2012": 6770.86
    },
    {
        "q3_2010": 4740.93,
        "q3_2011": 6242.77,
        "q2_2011": 8905.21,
        "q2_2012": 4513.47,
        "q2_2010": 7140.9,
        "region_filter": "Australia_and_Oceania",
        "account": "Gross Profit",
        "id": 18,
        "q4_2010": 4245.15,
        "q4_2011": 3932.37,
        "q1_2010": 7743.75,
        "region": "Australia",
        "q1_2011": 9284.04,
        "q1_2012": 7455.83
    },
    {
        "q3_2010": 9257.4,
        "q3_2011": 8794.81,
        "q2_2011": 4018.73,
        "q2_2012": 7472.95,
        "q2_2010": 3653.3,
        "region_filter": "Central_America",
        "account": "Gross Profit",
        "id": 19,
        "q4_2010": 5945.79,
        "q4_2011": 7077.4,
        "q1_2010": 3057.44,
        "region": "Central America",
        "q1_2011": 7840.54,
        "q1_2012": 3582.33
    },
    {
        "q3_2010": 6030.48,
        "q3_2011": 7177.02,
        "q2_2011": 4161.06,
        "q2_2012": 3374.76,
        "q2_2010": 4318.99,
        "region_filter": "europe",
        "account": "Gross Profit",
        "id": 20,
        "q4_2010": 6689.31,
        "q4_2011": 5303.87,
        "q1_2010": 9391.63,
        "region": "Europe",
        "q1_2011": 3949.87,
        "q1_2012": 6524.84
    },
    {
        "q3_2010": 6817.43,
        "q3_2011": 5257.03,
        "q2_2011": 5224.14,
        "q2_2012": 3263.23,
        "q2_2010": 8542.58,
        "region_filter": "Middle_East",
        "account": "Gross Profit",
        "id": 21,
        "q4_2010": 7907.27,
        "q4_2011": 7611.23,
        "q1_2010": 5645.81,
        "region": "Middle East",
        "q1_2011": 6292.14,
        "q1_2012": 3796.46
    },
    {
        "q3_2010": 6659.9,
        "q3_2011": 3799.13,
        "q2_2011": 4666.7,
        "q2_2012": 7995.68,
        "q2_2010": 3137.17,
        "region_filter": "North_America",
        "account": "Gross Profit",
        "id": 22,
        "q4_2010": 7616.66,
        "q4_2011": 3251.96,
        "q1_2010": 5396.15,
        "region": "North America",
        "q1_2011": 5727.46,
        "q1_2012": 3501.93
    },
    {
        "q3_2010": 3142.54,
        "q3_2011": 3327.88,
        "q2_2011": 6118.22,
        "q2_2012": 8809.09,
        "q2_2010": 5023.84,
        "region_filter": "South_America",
        "account": "Gross Profit",
        "id": 23,
        "q4_2010": 7200.19,
        "q4_2011": 6550.2,
        "q1_2010": 5045.99,
        "region": "South America",
        "q1_2011": 5170.91,
        "q1_2012": 7002.58
    },
    {
        "q3_2010": 8943.31,
        "q3_2011": 3681.17,
        "q2_2011": 3042.96,
        "q2_2012": 3481.68,
        "q2_2010": 4281.88,
        "region_filter": "Sub_Saharan_Africa",
        "account": "Gross Profit",
        "id": 24,
        "q4_2010": 8891.67,
        "q4_2011": 8791.08,
        "q1_2010": 9992.05,
        "region": "Africa",
        "q1_2011": 9940.83,
        "q1_2012": 5167.47
    },
    {
        "q3_2010": 3420.65,
        "q3_2011": 6116.62,
        "q2_2011": 3484.39,
        "q2_2012": 7754.18,
        "q2_2010": 4467.55,
        "region_filter": "asia",
        "account": "Research Development",
        "id": 25,
        "q4_2010": 5457.72,
        "q4_2011": 7588.23,
        "q1_2010": 3121.76,
        "region": "Asia",
        "q1_2011": 9977.92,
        "q1_2012": 4243.62
    },
    {
        "q3_2010": 4998.03,
        "q3_2011": 4855.14,
        "q2_2011": 9193.43,
        "q2_2012": 4374.77,
        "q2_2010": 5268.9,
        "region_filter": "Australia_and_Oceania",
        "account": "Research Development",
        "id": 26,
        "q4_2010": 9798.63,
        "q4_2011": 6489.73,
        "q1_2010": 9537.2,
        "region": "Australia",
        "q1_2011": 9048.52,
        "q1_2012": 9525.53
    },
    {
        "q3_2010": 8881.3,
        "q3_2011": 4549.14,
        "q2_2011": 3977.75,
        "q2_2012": 4518.48,
        "q2_2010": 9127.58,
        "region_filter": "Central_America",
        "account": "Research Development",
        "id": 27,
        "q4_2010": 4865.92,
        "q4_2011": 4624.35,
        "q1_2010": 7644.24,
        "region": "Central America",
        "q1_2011": 9251.04,
        "q1_2012": 3583.46
    },
    {
        "q3_2010": 8137.04,
        "q3_2011": 6587.75,
        "q2_2011": 5283.54,
        "q2_2012": 8444.94,
        "q2_2010": 4911.18,
        "region_filter": "europe",
        "account": "Research Development",
        "id": 28,
        "q4_2010": 6986.02,
        "q4_2011": 6934.19,
        "q1_2010": 7189.18,
        "region": "Europe",
        "q1_2011": 4054.14,
        "q1_2012": 9287.16
    },
    {
        "q3_2010": 8217.8,
        "q3_2011": 9033.1,
        "q2_2011": 3212.74,
        "q2_2012": 5707.38,
        "q2_2010": 4381.24,
        "region_filter": "Middle_East",
        "account": "Research Development",
        "id": 29,
        "q4_2010": 5934.32,
        "q4_2011": 5985.72,
        "q1_2010": 3347.72,
        "region": "Middle East",
        "q1_2011": 6356.97,
        "q1_2012": 5866.88
    },
    {
        "q3_2010": 6377.15,
        "q3_2011": 6789.79,
        "q2_2011": 3358.31,
        "q2_2012": 4796.47,
        "q2_2010": 7953.62,
        "region_filter": "North_America",
        "account": "Research Development",
        "id": 30,
        "q4_2010": 3465.91,
        "q4_2011": 5931.54,
        "q1_2010": 9660.08,
        "region": "North America",
        "q1_2011": 7026.05,
        "q1_2012": 6066.2
    },
    {
        "q3_2010": 9499.26,
        "q3_2011": 6150.8,
        "q2_2011": 4825.29,
        "q2_2012": 5983.95,
        "q2_2010": 9126.49,
        "region_filter": "South_America",
        "account": "Research Development",
        "id": 31,
        "q4_2010": 6696.97,
        "q4_2011": 6557.91,
        "q1_2010": 3649.79,
        "region": "South America",
        "q1_2011": 7940.78,
        "q1_2012": 8533.29
    },
    {
        "q3_2010": 3830.47,
        "q3_2011": 8009.38,
        "q2_2011": 9968.17,
        "q2_2012": 5629.36,
        "q2_2010": 9875.7,
        "region_filter": "Sub_Saharan_Africa",
        "account": "Research Development",
        "id": 32,
        "q4_2010": 7506.45,
        "q4_2011": 3420.52,
        "q1_2010": 4484.12,
        "region": "Africa",
        "q1_2011": 7242.64,
        "q1_2012": 9068.34
    },
    {
        "q3_2010": 6084.05,
        "q3_2011": 9335.79,
        "q2_2011": 7956.24,
        "q2_2012": 6766.77,
        "q2_2010": 9613.14,
        "region_filter": "asia",
        "account": "Administrative",
        "id": 33,
        "q4_2010": 4912.49,
        "q4_2011": 8940.08,
        "q1_2010": 7575.62,
        "region": "Asia",
        "q1_2011": 7811.56,
        "q1_2012": 9755.99
    },
    {
        "q3_2010": 3162.29,
        "q3_2011": 9056.11,
        "q2_2011": 3306.6,
        "q2_2012": 6951.11,
        "q2_2010": 5026.86,
        "region_filter": "Australia_and_Oceania",
        "account": "Administrative",
        "id": 34,
        "q4_2010": 8034.57,
        "q4_2011": 3016.56,
        "q1_2010": 3848.09,
        "region": "Australia",
        "q1_2011": 3014.19,
        "q1_2012": 7219.91
    },
    {
        "q3_2010": 3720.34,
        "q3_2011": 3844.44,
        "q2_2011": 7004.06,
        "q2_2012": 9938.84,
        "q2_2010": 3412.1,
        "region_filter": "Central_America",
        "account": "Administrative",
        "id": 35,
        "q4_2010": 9505.66,
        "q4_2011": 5684.81,
        "q1_2010": 8813.37,
        "region": "Central America",
        "q1_2011": 6318.32,
        "q1_2012": 9752.24
    },
    {
        "q3_2010": 6225.23,
        "q3_2011": 7355.99,
        "q2_2011": 6705.42,
        "q2_2012": 4503.17,
        "q2_2010": 5052.52,
        "region_filter": "europe",
        "account": "Administrative",
        "id": 36,
        "q4_2010": 8602.0,
        "q4_2011": 3281.07,
        "q1_2010": 8437.98,
        "region": "Europe",
        "q1_2011": 6813.61,
        "q1_2012": 5286.39
    },
    {
        "q3_2010": 3965.91,
        "q3_2011": 9907.21,
        "q2_2011": 6965.01,
        "q2_2012": 7342.92,
        "q2_2010": 9862.05,
        "region_filter": "Middle_East",
        "account": "Administrative",
        "id": 37,
        "q4_2010": 7258.59,
        "q4_2011": 3603.68,
        "q1_2010": 5036.42,
        "region": "Middle East",
        "q1_2011": 3281.81,
        "q1_2012": 8582.84
    },
    {
        "q3_2010": 8869.01,
        "q3_2011": 9036.7,
        "q2_2011": 4042.21,
        "q2_2012": 5828.91,
        "q2_2010": 4422.05,
        "region_filter": "North_America",
        "account": "Administrative",
        "id": 38,
        "q4_2010": 7845.29,
        "q4_2011": 8945.09,
        "q1_2010": 6751.79,
        "region": "North America",
        "q1_2011": 8215.25,
        "q1_2012": 3794.72
    },
    {
        "q3_2010": 8973.94,
        "q3_2011": 5688.35,
        "q2_2011": 3383.65,
        "q2_2012": 7775.42,
        "q2_2010": 7210.35,
        "region_filter": "South_America",
        "account": "Administrative",
        "id": 39,
        "q4_2010": 6381.32,
        "q4_2011": 8278.06,
        "q1_2010": 8307.5,
        "region": "South America",
        "q1_2011": 3192.97,
        "q1_2012": 7913.29
    },
    {
        "q3_2010": 9283.72,
        "q3_2011": 8600.34,
        "q2_2011": 8265.6,
        "q2_2012": 9482.87,
        "q2_2010": 4513.73,
        "region_filter": "Sub_Saharan_Africa",
        "account": "Administrative",
        "id": 40,
        "q4_2010": 5520.56,
        "q4_2011": 6701.53,
        "q1_2010": 5869.06,
        "region": "Africa",
        "q1_2011": 3103.8,
        "q1_2012": 8155.64
    },
    {
        "q3_2010": 9995.85,
        "q3_2011": 4728.81,
        "q2_2011": 9968.58,
        "q2_2012": 6275.62,
        "q2_2010": 3127.15,
        "region_filter": "asia",
        "account": "Non Recurring",
        "id": 41,
        "q4_2010": 8994.65,
        "q4_2011": 9835.8,
        "q1_2010": 4499.72,
        "region": "Asia",
        "q1_2011": 8589.42,
        "q1_2012": 5217.44
    },
    {
        "q3_2010": 7374.38,
        "q3_2011": 3839.28,
        "q2_2011": 8347.6,
        "q2_2012": 6926.11,
        "q2_2010": 3154.04,
        "region_filter": "Australia_and_Oceania",
        "account": "Non Recurring",
        "id": 42,
        "q4_2010": 4971.4,
        "q4_2011": 5683.02,
        "q1_2010": 8550.19,
        "region": "Australia",
        "q1_2011": 3955.46,
        "q1_2012": 3269.61
    },
    {
        "q3_2010": 6921.94,
        "q3_2011": 5674.5,
        "q2_2011": 3058.61,
        "q2_2012": 5923.07,
        "q2_2010": 6596.95,
        "region_filter": "Central_America",
        "account": "Non Recurring",
        "id": 43,
        "q4_2010": 5356.75,
        "q4_2011": 4050.55,
        "q1_2010": 8058.66,
        "region": "Central America",
        "q1_2011": 7530.95,
        "q1_2012": 4260.33
    },
    {
        "q3_2010": 3291.19,
        "q3_2011": 6798.01,
        "q2_2011": 5669.19,
        "q2_2012": 5549.36,
        "q2_2010": 9562.97,
        "region_filter": "europe",
        "account": "Non Recurring",
        "id": 44,
        "q4_2010": 6922.44,
        "q4_2011": 5178.47,
        "q1_2010": 7746.18,
        "region": "Europe",
        "q1_2011": 9235.33,
        "q1_2012": 5902.88
    },
    {
        "q3_2010": 5103.13,
        "q3_2011": 4596.25,
        "q2_2011": 6634.18,
        "q2_2012": 6532.74,
        "q2_2010": 3859.92,
        "region_filter": "Middle_East",
        "account": "Non Recurring",
        "id": 45,
        "q4_2010": 9715.25,
        "q4_2011": 7435.13,
        "q1_2010": 9441.94,
        "region": "Middle East",
        "q1_2011": 7398.72,
        "q1_2012": 7627.07
    },
    {
        "q3_2010": 8967.24,
        "q3_2011": 4266.57,
        "q2_2011": 8780.33,
        "q2_2012": 5306.84,
        "q2_2010": 3316.57,
        "region_filter": "North_America",
        "account": "Non Recurring",
        "id": 46,
        "q4_2010": 9730.72,
        "q4_2011": 5734.41,
        "q1_2010": 4439.41,
        "region": "North America",
        "q1_2011": 6896.02,
        "q1_2012": 8599.83
    },
    {
        "q3_2010": 8698.0,
        "q3_2011": 6149.24,
        "q2_2011": 7994.92,
        "q2_2012": 8467.64,
        "q2_2010": 9727.72,
        "region_filter": "South_America",
        "account": "Non Recurring",
        "id": 47,
        "q4_2010": 5927.57,
        "q4_2011": 7892.48,
        "q1_2010": 8060.4,
        "region": "South America",
        "q1_2011": 8241.13,
        "q1_2012": 8204.47
    },
    {
        "q3_2010": 3667.89,
        "q3_2011": 3922.81,
        "q2_2011": 3058.47,
        "q2_2012": 6992.27,
        "q2_2010": 5762.59,
        "region_filter": "Sub_Saharan_Africa",
        "account": "Non Recurring",
        "id": 48,
        "q4_2010": 5053.7,
        "q4_2011": 4496.21,
        "q1_2010": 7384.24,
        "region": "Africa",
        "q1_2011": 3600.4,
        "q1_2012": 5352.42
    },
    {
        "q3_2010": 7651.36,
        "q3_2011": 9477.26,
        "q2_2011": 8905.84,
        "q2_2012": 4915.95,
        "q2_2010": 4427.44,
        "region_filter": "asia",
        "account": "Others",
        "id": 49,
        "q4_2010": 3575.57,
        "q4_2011": 3633.53,
        "q1_2010": 3755.58,
        "region": "Asia",
        "q1_2011": 3703.95,
        "q1_2012": 3406.97
    },
    {
        "q3_2010": 7261.77,
        "q3_2011": 3626.31,
        "q2_2011": 8692.49,
        "q2_2012": 4735.35,
        "q2_2010": 6956.47,
        "region_filter": "Australia_and_Oceania",
        "account": "Others",
        "id": 50,
        "q4_2010": 3799.24,
        "q4_2011": 4020.87,
        "q1_2010": 9841.07,
        "region": "Australia",
        "q1_2011": 9703.77,
        "q1_2012": 8005.15
    },
    {
        "q3_2010": 5141.81,
        "q3_2011": 6848.66,
        "q2_2011": 7322.36,
        "q2_2012": 3474.37,
        "q2_2010": 8577.67,
        "region_filter": "Central_America",
        "account": "Others",
        "id": 51,
        "q4_2010": 5733.07,
        "q4_2011": 7728.58,
        "q1_2010": 4866.07,
        "region": "Central America",
        "q1_2011": 8811.48,
        "q1_2012": 3722.58
    },
    {
        "q3_2010": 8255.29,
        "q3_2011": 9964.13,
        "q2_2011": 7833.96,
        "q2_2012": 4104.64,
        "q2_2010": 7831.98,
        "region_filter": "europe",
        "account": "Others",
        "id": 52,
        "q4_2010": 4372.64,
        "q4_2011": 6192.88,
        "q1_2010": 9544.37,
        "region": "Europe",
        "q1_2011": 3054.67,
        "q1_2012": 9683.78
    },
    {
        "q3_2010": 4976.11,
        "q3_2011": 9226.02,
        "q2_2011": 3944.91,
        "q2_2012": 6666.61,
        "q2_2010": 3921.72,
        "region_filter": "Middle_East",
        "account": "Others",
        "id": 53,
        "q4_2010": 3677.04,
        "q4_2011": 3548.33,
        "q1_2010": 6720.19,
        "region": "Middle East",
        "q1_2011": 7232.51,
        "q1_2012": 4902.02
    },
    {
        "q3_2010": 6510.23,
        "q3_2011": 8717.04,
        "q2_2011": 5197.13,
        "q2_2012": 7743.27,
        "q2_2010": 9623.18,
        "region_filter": "North_America",
        "account": "Others",
        "id": 54,
        "q4_2010": 7117.75,
        "q4_2011": 8797.97,
        "q1_2010": 5261.86,
        "region": "North America",
        "q1_2011": 3254.49,
        "q1_2012": 9972.55
    },
    {
        "q3_2010": 6248.04,
        "q3_2011": 9310.93,
        "q2_2011": 5744.19,
        "q2_2012": 7511.12,
        "q2_2010": 7695.15,
        "region_filter": "South_America",
        "account": "Others",
        "id": 55,
        "q4_2010": 8035.89,
        "q4_2011": 8057.48,
        "q1_2010": 5550.05,
        "region": "South America",
        "q1_2011": 9634.32,
        "q1_2012": 8278.04
    },
    {
        "q3_2010": 9470.51,
        "q3_2011": 9075.78,
        "q2_2011": 8086.73,
        "q2_2012": 6751.87,
        "q2_2010": 8570.59,
        "region_filter": "Sub_Saharan_Africa",
        "account": "Others",
        "id": 56,
        "q4_2010": 8172.37,
        "q4_2011": 9422.51,
        "q1_2010": 9817.61,
        "region": "Africa",
        "q1_2011": 8539.74,
        "q1_2012": 5704.57
    },
    {
        "q3_2010": 5394.22,
        "q3_2011": 8329.24,
        "q2_2011": 6107.78,
        "q2_2012": 5642.78,
        "q2_2010": 3272.91,
        "region_filter": "asia",
        "account": "Total Operating Expenses",
        "id": 57,
        "q4_2010": 4336.35,
        "q4_2011": 3381.04,
        "q1_2010": 3568.31,
        "region": "Asia",
        "q1_2011": 5801.3,
        "q1_2012": 9500.44
    },
    {
        "q3_2010": 9476.62,
        "q3_2011": 7395.62,
        "q2_2011": 3922.41,
        "q2_2012": 4488.74,
        "q2_2010": 8332.32,
        "region_filter": "Australia_and_Oceania",
        "account": "Total Operating Expenses",
        "id": 58,
        "q4_2010": 5815.75,
        "q4_2011": 7880.3,
        "q1_2010": 4062.9,
        "region": "Australia",
        "q1_2011": 5131.64,
        "q1_2012": 9690.77
    },
    {
        "q3_2010": 9753.2,
        "q3_2011": 9562.65,
        "q2_2011": 5180.77,
        "q2_2012": 3028.15,
        "q2_2010": 7118.39,
        "region_filter": "Central_America",
        "account": "Total Operating Expenses",
        "id": 59,
        "q4_2010": 7554.82,
        "q4_2011": 6365.83,
        "q1_2010": 4312.08,
        "region": "Central America",
        "q1_2011": 9440.73,
        "q1_2012": 3494.1
    },
    {
        "q3_2010": 9202.69,
        "q3_2011": 9041.06,
        "q2_2011": 3061.77,
        "q2_2012": 5235.89,
        "q2_2010": 9291.54,
        "region_filter": "europe",
        "account": "Total Operating Expenses",
        "id": 60,
        "q4_2010": 5328.09,
        "q4_2011": 7322.34,
        "q1_2010": 4526.53,
        "region": "Europe",
        "q1_2011": 9339.56,
        "q1_2012": 5588.63
    },
    {
        "q3_2010": 4874.86,
        "q3_2011": 8668.49,
        "q2_2011": 5459.24,
        "q2_2012": 9131.57,
        "q2_2010": 8061.84,
        "region_filter": "Middle_East",
        "account": "Total Operating Expenses",
        "id": 61,
        "q4_2010": 7864.08,
        "q4_2011": 3190.16,
        "q1_2010": 9896.38,
        "region": "Middle East",
        "q1_2011": 3234.06,
        "q1_2012": 5427.59
    },
    {
        "q3_2010": 9694.36,
        "q3_2011": 5418.12,
        "q2_2011": 6577.36,
        "q2_2012": 7701.2,
        "q2_2010": 9709.41,
        "region_filter": "North_America",
        "account": "Total Operating Expenses",
        "id": 62,
        "q4_2010": 5399.73,
        "q4_2011": 8757.42,
        "q1_2010": 3432.51,
        "region": "North America",
        "q1_2011": 7150.46,
        "q1_2012": 5947.76
    },
    {
        "q3_2010": 8738.51,
        "q3_2011": 4877.67,
        "q2_2011": 6280.16,
        "q2_2012": 4364.98,
        "q2_2010": 9636.52,
        "region_filter": "South_America",
        "account": "Total Operating Expenses",
        "id": 63,
        "q4_2010": 8620.14,
        "q4_2011": 6345.22,
        "q1_2010": 4752.12,
        "region": "South America",
        "q1_2011": 3699.14,
        "q1_2012": 6793.16
    },
    {
        "q3_2010": 5594.48,
        "q3_2011": 8422.19,
        "q2_2011": 3169.92,
        "q2_2012": 4706.27,
        "q2_2010": 4396.18,
        "region_filter": "Sub_Saharan_Africa",
        "account": "Total Operating Expenses",
        "id": 64,
        "q4_2010": 5321.0,
        "q4_2011": 4041.79,
        "q1_2010": 4457.33,
        "region": "Africa",
        "q1_2011": 6338.44,
        "q1_2012": 8468.5
    },
    {
        "q3_2010": 9564.28,
        "q3_2011": 7668.94,
        "q2_2011": 4720.4,
        "q2_2012": 7380.13,
        "q2_2010": 9843.63,
        "region_filter": "asia",
        "account": "Operating Income or Loss",
        "id": 65,
        "q4_2010": 8948.87,
        "q4_2011": 7026.45,
        "q1_2010": 7601.03,
        "region": "Asia",
        "q1_2011": 8532.77,
        "q1_2012": 7989.09
    },
    {
        "q3_2010": 3293.02,
        "q3_2011": 7846.72,
        "q2_2011": 4236.72,
        "q2_2012": 9773.01,
        "q2_2010": 3385.67,
        "region_filter": "Australia_and_Oceania",
        "account": "Operating Income or Loss",
        "id": 66,
        "q4_2010": 8962.78,
        "q4_2011": 5735.61,
        "q1_2010": 9752.9,
        "region": "Australia",
        "q1_2011": 5065.5,
        "q1_2012": 5726.36
    },
    {
        "q3_2010": 7060.41,
        "q3_2011": 7718.09,
        "q2_2011": 5991.31,
        "q2_2012": 9841.21,
        "q2_2010": 3789.45,
        "region_filter": "Central_America",
        "account": "Operating Income or Loss",
        "id": 67,
        "q4_2010": 6888.76,
        "q4_2011": 3678.45,
        "q1_2010": 9934.99,
        "region": "Central America",
        "q1_2011": 4654.27,
        "q1_2012": 9114.99
    },
    {
        "q3_2010": 3815.64,
        "q3_2011": 5037.57,
        "q2_2011": 4584.21,
        "q2_2012": 6178.48,
        "q2_2010": 8131.39,
        "region_filter": "europe",
        "account": "Operating Income or Loss",
        "id": 68,
        "q4_2010": 6932.62,
        "q4_2011": 6377.6,
        "q1_2010": 3852.6,
        "region": "Europe",
        "q1_2011": 8915.94,
        "q1_2012": 3414.64
    },
    {
        "q3_2010": 4346.63,
        "q3_2011": 8344.19,
        "q2_2011": 8479.99,
        "q2_2012": 3663.52,
        "q2_2010": 4512.36,
        "region_filter": "Middle_East",
        "account": "Operating Income or Loss",
        "id": 69,
        "q4_2010": 5385.42,
        "q4_2011": 6410.24,
        "q1_2010": 5198.3,
        "region": "Middle East",
        "q1_2011": 5521.18,
        "q1_2012": 4603.33
    },
    {
        "q3_2010": 3031.4,
        "q3_2011": 3369.23,
        "q2_2011": 9507.29,
        "q2_2012": 5992.05,
        "q2_2010": 4062.3,
        "region_filter": "North_America",
        "account": "Operating Income or Loss",
        "id": 70,
        "q4_2010": 3435.23,
        "q4_2011": 4328.96,
        "q1_2010": 7277.58,
        "region": "North America",
        "q1_2011": 5516.93,
        "q1_2012": 5988.89
    },
    {
        "q3_2010": 7016.42,
        "q3_2011": 8822.12,
        "q2_2011": 3851.57,
        "q2_2012": 4863.93,
        "q2_2010": 8065.62,
        "region_filter": "South_America",
        "account": "Operating Income or Loss",
        "id": 71,
        "q4_2010": 6062.3,
        "q4_2011": 8179.86,
        "q1_2010": 9750.65,
        "region": "South America",
        "q1_2011": 5990.26,
        "q1_2012": 5401.14
    },
    {
        "q3_2010": 9556.36,
        "q3_2011": 7638.64,
        "q2_2011": 7702.83,
        "q2_2012": 6912.87,
        "q2_2010": 5654.0,
        "region_filter": "Sub_Saharan_Africa",
        "account": "Operating Income or Loss",
        "id": 72,
        "q4_2010": 5049.79,
        "q4_2011": 3083.81,
        "q1_2010": 7102.31,
        "region": "Africa",
        "q1_2011": 7933.7,
        "q1_2012": 4893.05
    },
    {
        "q3_2010": 4307.47,
        "q3_2011": 4028.62,
        "q2_2011": 4361.7,
        "q2_2012": 3493.65,
        "q2_2010": 8197.36,
        "region_filter": "asia",
        "account": "Other Income\/Expenses",
        "id": 73,
        "q4_2010": 7481.12,
        "q4_2011": 3199.25,
        "q1_2010": 8204.18,
        "region": "Asia",
        "q1_2011": 8553.9,
        "q1_2012": 6544.17
    },
    {
        "q3_2010": 8282.38,
        "q3_2011": 9501.95,
        "q2_2011": 3628.2,
        "q2_2012": 6818.43,
        "q2_2010": 8684.52,
        "region_filter": "Australia_and_Oceania",
        "account": "Other Income\/Expenses",
        "id": 74,
        "q4_2010": 3543.11,
        "q4_2011": 4151.36,
        "q1_2010": 9791.29,
        "region": "Australia",
        "q1_2011": 6168.32,
        "q1_2012": 8374.36
    },
    {
        "q3_2010": 6630.96,
        "q3_2011": 7860.12,
        "q2_2011": 9456.02,
        "q2_2012": 8383.89,
        "q2_2010": 3550.5,
        "region_filter": "Central_America",
        "account": "Other Income\/Expenses",
        "id": 75,
        "q4_2010": 9178.15,
        "q4_2011": 9921.55,
        "q1_2010": 9933.96,
        "region": "Central America",
        "q1_2011": 9974.97,
        "q1_2012": 4644.2
    },
    {
        "q3_2010": 4031.44,
        "q3_2011": 9734.2,
        "q2_2011": 7358.81,
        "q2_2012": 4699.59,
        "q2_2010": 3859.52,
        "region_filter": "europe",
        "account": "Other Income\/Expenses",
        "id": 76,
        "q4_2010": 3055.75,
        "q4_2011": 7682.09,
        "q1_2010": 5132.18,
        "region": "Europe",
        "q1_2011": 5287.48,
        "q1_2012": 8085.32
    },
    {
        "q3_2010": 5845.86,
        "q3_2011": 5779.36,
        "q2_2011": 9872.37,
        "q2_2012": 8249.61,
        "q2_2010": 6059.78,
        "region_filter": "Middle_East",
        "account": "Other Income\/Expenses",
        "id": 77,
        "q4_2010": 6507.42,
        "q4_2011": 9279.23,
        "q1_2010": 3006.67,
        "region": "Middle East",
        "q1_2011": 4109.44,
        "q1_2012": 9911.45
    },
    {
        "q3_2010": 6915.09,
        "q3_2011": 4567.77,
        "q2_2011": 4805.72,
        "q2_2012": 4302.83,
        "q2_2010": 4511.98,
        "region_filter": "North_America",
        "account": "Other Income\/Expenses",
        "id": 78,
        "q4_2010": 7270.24,
        "q4_2011": 6654.31,
        "q1_2010": 8748.03,
        "region": "North America",
        "q1_2011": 5899.36,
        "q1_2012": 8757.45
    },
    {
        "q3_2010": 3944.25,
        "q3_2011": 5904.34,
        "q2_2011": 3420.4,
        "q2_2012": 8127.14,
        "q2_2010": 6279.32,
        "region_filter": "South_America",
        "account": "Other Income\/Expenses",
        "id": 79,
        "q4_2010": 8042.91,
        "q4_2011": 4423.91,
        "q1_2010": 7160.76,
        "region": "South America",
        "q1_2011": 6672.73,
        "q1_2012": 9071.17
    },
    {
        "q3_2010": 5965.23,
        "q3_2011": 6999.01,
        "q2_2011": 9138.45,
        "q2_2012": 7754.25,
        "q2_2010": 5340.63,
        "region_filter": "Sub_Saharan_Africa",
        "account": "Other Income\/Expenses",
        "id": 80,
        "q4_2010": 9563.14,
        "q4_2011": 4033.38,
        "q1_2010": 4902.11,
        "region": "Africa",
        "q1_2011": 7633.58,
        "q1_2012": 8468.61
    },
    {
        "q3_2010": 9232.28,
        "q3_2011": 3673.13,
        "q2_2011": 7279.56,
        "q2_2012": 5928.53,
        "q2_2010": 4682.66,
        "region_filter": "asia",
        "account": "Earnings",
        "id": 81,
        "q4_2010": 5849.98,
        "q4_2011": 3027.19,
        "q1_2010": 5859.0,
        "region": "Asia",
        "q1_2011": 5438.94,
        "q1_2012": 8830.85
    },
    {
        "q3_2010": 7225.34,
        "q3_2011": 6741.17,
        "q2_2011": 6748.72,
        "q2_2012": 3824.87,
        "q2_2010": 3225.39,
        "region_filter": "Australia_and_Oceania",
        "account": "Earnings",
        "id": 82,
        "q4_2010": 8884.4,
        "q4_2011": 5609.18,
        "q1_2010": 9743.59,
        "region": "Australia",
        "q1_2011": 8477.75,
        "q1_2012": 8049.0
    },
    {
        "q3_2010": 3115.66,
        "q3_2011": 8852.05,
        "q2_2011": 9053.28,
        "q2_2012": 4995.36,
        "q2_2010": 4415.36,
        "region_filter": "Central_America",
        "account": "Earnings",
        "id": 83,
        "q4_2010": 3530.35,
        "q4_2011": 3311.61,
        "q1_2010": 7382.26,
        "region": "Central America",
        "q1_2011": 9185.33,
        "q1_2012": 6943.07
    },
    {
        "q3_2010": 4394.14,
        "q3_2011": 7907.24,
        "q2_2011": 9154.2,
        "q2_2012": 6036.47,
        "q2_2010": 6104.86,
        "region_filter": "europe",
        "account": "Earnings",
        "id": 84,
        "q4_2010": 7548.64,
        "q4_2011": 5566.85,
        "q1_2010": 7308.27,
        "region": "Europe",
        "q1_2011": 8062.47,
        "q1_2012": 9008.9
    },
    {
        "q3_2010": 5074.66,
        "q3_2011": 9056.64,
        "q2_2011": 7179.65,
        "q2_2012": 6585.13,
        "q2_2010": 4678.18,
        "region_filter": "Middle_East",
        "account": "Earnings",
        "id": 85,
        "q4_2010": 5014.04,
        "q4_2011": 5559.07,
        "q1_2010": 8076.69,
        "region": "Middle East",
        "q1_2011": 4556.29,
        "q1_2012": 3409.48
    },
    {
        "q3_2010": 9593.62,
        "q3_2011": 4026.48,
        "q2_2011": 3511.2,
        "q2_2012": 9784.23,
        "q2_2010": 5406.84,
        "region_filter": "North_America",
        "account": "Earnings",
        "id": 86,
        "q4_2010": 5886.11,
        "q4_2011": 6723.91,
        "q1_2010": 5056.31,
        "region": "North America",
        "q1_2011": 5814.89,
        "q1_2012": 7495.19
    },
    {
        "q3_2010": 5992.92,
        "q3_2011": 5134.96,
        "q2_2011": 6990.17,
        "q2_2012": 5693.91,
        "q2_2010": 4682.12,
        "region_filter": "South_America",
        "account": "Earnings",
        "id": 87,
        "q4_2010": 3038.72,
        "q4_2011": 9175.44,
        "q1_2010": 6935.49,
        "region": "South America",
        "q1_2011": 8151.65,
        "q1_2012": 6235.21
    },
    {
        "q3_2010": 5064.63,
        "q3_2011": 9281.79,
        "q2_2011": 4723.98,
        "q2_2012": 5718.83,
        "q2_2010": 9788.44,
        "region_filter": "Sub_Saharan_Africa",
        "account": "Earnings",
        "id": 88,
        "q4_2010": 3552.41,
        "q4_2011": 6450.64,
        "q1_2010": 5737.18,
        "region": "Africa",
        "q1_2011": 3975.01,
        "q1_2012": 7269.49
    },
    {
        "q3_2010": 5493.07,
        "q3_2011": 9313.44,
        "q2_2011": 9934.58,
        "q2_2012": 3965.67,
        "q2_2010": 6525.41,
        "region_filter": "asia",
        "account": "Interest Expense",
        "id": 89,
        "q4_2010": 9969.86,
        "q4_2011": 9502.75,
        "q1_2010": 6754.66,
        "region": "Asia",
        "q1_2011": 3743.92,
        "q1_2012": 5882.59
    },
    {
        "q3_2010": 4684.75,
        "q3_2011": 4676.16,
        "q2_2011": 3471.11,
        "q2_2012": 3342.12,
        "q2_2010": 5116.89,
        "region_filter": "Australia_and_Oceania",
        "account": "Interest Expense",
        "id": 90,
        "q4_2010": 3928.91,
        "q4_2011": 8476.47,
        "q1_2010": 5503.36,
        "region": "Australia",
        "q1_2011": 6465.66,
        "q1_2012": 6930.7
    },
    {
        "q3_2010": 3350.64,
        "q3_2011": 3312.48,
        "q2_2011": 4779.9,
        "q2_2012": 7768.22,
        "q2_2010": 6301.58,
        "region_filter": "Central_America",
        "account": "Interest Expense",
        "id": 91,
        "q4_2010": 4624.36,
        "q4_2011": 7172.26,
        "q1_2010": 9690.08,
        "region": "Central America",
        "q1_2011": 3780.4,
        "q1_2012": 6309.09
    },
    {
        "q3_2010": 8574.5,
        "q3_2011": 5522.87,
        "q2_2011": 3933.39,
        "q2_2012": 6201.47,
        "q2_2010": 8178.24,
        "region_filter": "europe",
        "account": "Interest Expense",
        "id": 92,
        "q4_2010": 8142.3,
        "q4_2011": 9458.74,
        "q1_2010": 8723.22,
        "region": "Europe",
        "q1_2011": 3021.39,
        "q1_2012": 8953.83
    },
    {
        "q3_2010": 8114.39,
        "q3_2011": 9186.37,
        "q2_2011": 4895.13,
        "q2_2012": 4775.09,
        "q2_2010": 6190.25,
        "region_filter": "Middle_East",
        "account": "Interest Expense",
        "id": 93,
        "q4_2010": 5465.68,
        "q4_2011": 7622.99,
        "q1_2010": 8330.09,
        "region": "Middle East",
        "q1_2011": 9170.24,
        "q1_2012": 6276.25
    },
    {
        "q3_2010": 5961.5,
        "q3_2011": 9538.26,
        "q2_2011": 6748.45,
        "q2_2012": 8816.11,
        "q2_2010": 8009.0,
        "region_filter": "North_America",
        "account": "Interest Expense",
        "id": 94,
        "q4_2010": 8229.8,
        "q4_2011": 6205.13,
        "q1_2010": 3968.38,
        "region": "North America",
        "q1_2011": 5718.51,
        "q1_2012": 6876.24
    },
    {
        "q3_2010": 5597.73,
        "q3_2011": 9521.72,
        "q2_2011": 3035.94,
        "q2_2012": 9611.34,
        "q2_2010": 4825.4,
        "region_filter": "South_America",
        "account": "Interest Expense",
        "id": 95,
        "q4_2010": 7897.67,
        "q4_2011": 5005.5,
        "q1_2010": 9131.59,
        "region": "South America",
        "q1_2011": 5182.37,
        "q1_2012": 7240.41
    },
    {
        "q3_2010": 9198.02,
        "q3_2011": 9704.32,
        "q2_2011": 5552.64,
        "q2_2012": 6033.76,
        "q2_2010": 6831.89,
        "region_filter": "Sub_Saharan_Africa",
        "account": "Interest Expense",
        "id": 96,
        "q4_2010": 5914.91,
        "q4_2011": 6302.35,
        "q1_2010": 3524.09,
        "region": "Africa",
        "q1_2011": 4309.51,
        "q1_2012": 3518.06
    },
    {
        "q3_2010": 5623.85,
        "q3_2011": 9994.1,
        "q2_2011": 7430.72,
        "q2_2012": 6044.39,
        "q2_2010": 4758.64,
        "region_filter": "asia",
        "account": "Income Before Tax",
        "id": 97,
        "q4_2010": 6215.87,
        "q4_2011": 7124.2,
        "q1_2010": 3157.83,
        "region": "Asia",
        "q1_2011": 9557.45,
        "q1_2012": 7845.69
    },
    {
        "q3_2010": 6192.65,
        "q3_2011": 6431.01,
        "q2_2011": 4793.87,
        "q2_2012": 8918.39,
        "q2_2010": 3377.81,
        "region_filter": "Australia_and_Oceania",
        "account": "Income Before Tax",
        "id": 98,
        "q4_2010": 6240.55,
        "q4_2011": 6997.7,
        "q1_2010": 6502.62,
        "region": "Australia",
        "q1_2011": 6278.66,
        "q1_2012": 9892.65
    },
    {
        "q3_2010": 8019.91,
        "q3_2011": 6716.35,
        "q2_2011": 9227.98,
        "q2_2012": 7884.2,
        "q2_2010": 9194.31,
        "region_filter": "Central_America",
        "account": "Income Before Tax",
        "id": 99,
        "q4_2010": 6293.7,
        "q4_2011": 7313.53,
        "q1_2010": 8190.53,
        "region": "Central America",
        "q1_2011": 5400.16,
        "q1_2012": 9884.77
    },
    {
        "q3_2010": 5814.31,
        "q3_2011": 7975.78,
        "q2_2011": 6255.55,
        "q2_2012": 4205.77,
        "q2_2010": 4563.28,
        "region_filter": "europe",
        "account": "Income Before Tax",
        "id": 100,
        "q4_2010": 6389.85,
        "q4_2011": 5595.7,
        "q1_2010": 7170.92,
        "region": "Europe",
        "q1_2011": 8963.48,
        "q1_2012": 6176.97
    },
    {
        "q3_2010": 4855.12,
        "q3_2011": 9596.4,
        "q2_2011": 4770.68,
        "q2_2012": 5647.61,
        "q2_2010": 5002.38,
        "region_filter": "Middle_East",
        "account": "Income Before Tax",
        "id": 101,
        "q4_2010": 9596.57,
        "q4_2011": 3954.83,
        "q1_2010": 5088.95,
        "region": "Middle East",
        "q1_2011": 8496.76,
        "q1_2012": 5785.13
    },
    {
        "q3_2010": 7243.32,
        "q3_2011": 3065.31,
        "q2_2011": 7313.51,
        "q2_2012": 4735.36,
        "q2_2010": 6714.01,
        "region_filter": "North_America",
        "account": "Income Before Tax",
        "id": 102,
        "q4_2010": 4210.9,
        "q4_2011": 4830.22,
        "q1_2010": 9513.86,
        "region": "North America",
        "q1_2011": 9214.27,
        "q1_2012": 9073.55
    },
    {
        "q3_2010": 5274.98,
        "q3_2011": 4305.88,
        "q2_2011": 6558.05,
        "q2_2012": 8054.49,
        "q2_2010": 9071.29,
        "region_filter": "South_America",
        "account": "Income Before Tax",
        "id": 103,
        "q4_2010": 4281.09,
        "q4_2011": 8481.03,
        "q1_2010": 8844.54,
        "region": "South America",
        "q1_2011": 5645.04,
        "q1_2012": 7585.68
    },
    {
        "q3_2010": 6503.66,
        "q3_2011": 5548.47,
        "q2_2011": 8368.28,
        "q2_2012": 7964.42,
        "q2_2010": 4153.86,
        "region_filter": "Sub_Saharan_Africa",
        "account": "Income Before Tax",
        "id": 104,
        "q4_2010": 9667.71,
        "q4_2011": 5020.3,
        "q1_2010": 3904.42,
        "region": "Africa",
        "q1_2011": 3478.23,
        "q1_2012": 3488.52
    },
    {
        "q3_2010": 6740.87,
        "q3_2011": 7369.64,
        "q2_2011": 9964.94,
        "q2_2012": 3897.52,
        "q2_2010": 7637.31,
        "region_filter": "asia",
        "account": "Income Tax Expense",
        "id": 105,
        "q4_2010": 8136.65,
        "q4_2011": 7019.1,
        "q1_2010": 3101.72,
        "region": "Asia",
        "q1_2011": 6340.9,
        "q1_2012": 4429.76
    },
    {
        "q3_2010": 7729.23,
        "q3_2011": 8412.52,
        "q2_2011": 5539.66,
        "q2_2012": 5389.5,
        "q2_2010": 4188.07,
        "region_filter": "Australia_and_Oceania",
        "account": "Income Tax Expense",
        "id": 106,
        "q4_2010": 4661.33,
        "q4_2011": 3375.76,
        "q1_2010": 8526.21,
        "region": "Australia",
        "q1_2011": 3333.23,
        "q1_2012": 8045.48
    },
    {
        "q3_2010": 6869.07,
        "q3_2011": 7917.72,
        "q2_2011": 8397.31,
        "q2_2012": 3047.63,
        "q2_2010": 6234.73,
        "region_filter": "Central_America",
        "account": "Income Tax Expense",
        "id": 107,
        "q4_2010": 8870.2,
        "q4_2011": 4414.62,
        "q1_2010": 7249.99,
        "region": "Central America",
        "q1_2011": 7950.05,
        "q1_2012": 8792.92
    },
    {
        "q3_2010": 8690.23,
        "q3_2011": 6301.68,
        "q2_2011": 5136.23,
        "q2_2012": 5528.33,
        "q2_2010": 6047.59,
        "region_filter": "europe",
        "account": "Income Tax Expense",
        "id": 108,
        "q4_2010": 4944.65,
        "q4_2011": 4620.87,
        "q1_2010": 9889.66,
        "region": "Europe",
        "q1_2011": 7727.01,
        "q1_2012": 6088.31
    },
    {
        "q3_2010": 5304.73,
        "q3_2011": 8130.26,
        "q2_2011": 7823.26,
        "q2_2012": 8756.86,
        "q2_2010": 4628.99,
        "region_filter": "Middle_East",
        "account": "Income Tax Expense",
        "id": 109,
        "q4_2010": 3214.83,
        "q4_2011": 3549.53,
        "q1_2010": 6247.94,
        "region": "Middle East",
        "q1_2011": 9658.88,
        "q1_2012": 5924.94
    },
    {
        "q3_2010": 6859.06,
        "q3_2011": 6366.16,
        "q2_2011": 4523.63,
        "q2_2012": 7267.75,
        "q2_2010": 7101.25,
        "region_filter": "North_America",
        "account": "Income Tax Expense",
        "id": 110,
        "q4_2010": 7402.9,
        "q4_2011": 9566.04,
        "q1_2010": 9206.88,
        "region": "North America",
        "q1_2011": 4717.4,
        "q1_2012": 8812.77
    },
    {
        "q3_2010": 4672.95,
        "q3_2011": 7511.99,
        "q2_2011": 9608.91,
        "q2_2012": 7217.34,
        "q2_2010": 3312.2,
        "region_filter": "South_America",
        "account": "Income Tax Expense",
        "id": 111,
        "q4_2010": 7556.0,
        "q4_2011": 8193.39,
        "q1_2010": 9169.38,
        "region": "South America",
        "q1_2011": 8705.11,
        "q1_2012": 4404.02
    },
    {
        "q3_2010": 3526.12,
        "q3_2011": 7079.99,
        "q2_2011": 6292.44,
        "q2_2012": 6659.85,
        "q2_2010": 5736.38,
        "region_filter": "Sub_Saharan_Africa",
        "account": "Income Tax Expense",
        "id": 112,
        "q4_2010": 9013.09,
        "q4_2011": 4824.55,
        "q1_2010": 8935.13,
        "region": "Africa",
        "q1_2011": 6855.11,
        "q1_2012": 7262.71
    },
    {
        "q3_2010": 7868.25,
        "q3_2011": 7072.02,
        "q2_2011": 9531.45,
        "q2_2012": 3124.02,
        "q2_2010": 9439.61,
        "region_filter": "asia",
        "account": "Minority Interest",
        "id": 113,
        "q4_2010": 3408.05,
        "q4_2011": 4190.6,
        "q1_2010": 7588.3,
        "region": "Asia",
        "q1_2011": 5360.23,
        "q1_2012": 4147.33
    },
    {
        "q3_2010": 5126.77,
        "q3_2011": 4907.99,
        "q2_2011": 3163.39,
        "q2_2012": 4582.73,
        "q2_2010": 9156.2,
        "region_filter": "Australia_and_Oceania",
        "account": "Minority Interest",
        "id": 114,
        "q4_2010": 5449.45,
        "q4_2011": 9682.25,
        "q1_2010": 5443.01,
        "region": "Australia",
        "q1_2011": 7951.02,
        "q1_2012": 7133.94
    },
    {
        "q3_2010": 6908.09,
        "q3_2011": 5871.56,
        "q2_2011": 8781.78,
        "q2_2012": 8549.46,
        "q2_2010": 4270.72,
        "region_filter": "Central_America",
        "account": "Minority Interest",
        "id": 115,
        "q4_2010": 8467.9,
        "q4_2011": 5124.13,
        "q1_2010": 5185.43,
        "region": "Central America",
        "q1_2011": 8627.44,
        "q1_2012": 8317.91
    },
    {
        "q3_2010": 3683.18,
        "q3_2011": 4558.9,
        "q2_2011": 4392.2,
        "q2_2012": 4927.65,
        "q2_2010": 7063.28,
        "region_filter": "europe",
        "account": "Minority Interest",
        "id": 116,
        "q4_2010": 8333.48,
        "q4_2011": 8462.79,
        "q1_2010": 4202.6,
        "region": "Europe",
        "q1_2011": 9174.91,
        "q1_2012": 5469.38
    },
    {
        "q3_2010": 7324.09,
        "q3_2011": 6604.15,
        "q2_2011": 7141.05,
        "q2_2012": 8067.6,
        "q2_2010": 3012.71,
        "region_filter": "Middle_East",
        "account": "Minority Interest",
        "id": 117,
        "q4_2010": 3445.41,
        "q4_2011": 9954.74,
        "q1_2010": 5841.04,
        "region": "Middle East",
        "q1_2011": 7596.69,
        "q1_2012": 6234.06
    },
    {
        "q3_2010": 8312.8,
        "q3_2011": 5128.41,
        "q2_2011": 7898.21,
        "q2_2012": 9848.23,
        "q2_2010": 7899.91,
        "region_filter": "North_America",
        "account": "Minority Interest",
        "id": 118,
        "q4_2010": 8585.21,
        "q4_2011": 7325.48,
        "q1_2010": 3477.47,
        "region": "North America",
        "q1_2011": 9073.07,
        "q1_2012": 9442.7
    },
    {
        "q3_2010": 7287.61,
        "q3_2011": 5071.82,
        "q2_2011": 7603.19,
        "q2_2012": 4127.83,
        "q2_2010": 9919.42,
        "region_filter": "South_America",
        "account": "Minority Interest",
        "id": 119,
        "q4_2010": 6834.94,
        "q4_2011": 3426.4,
        "q1_2010": 6255.25,
        "region": "South America",
        "q1_2011": 3888.65,
        "q1_2012": 3727.62
    },
    {
        "q3_2010": 5373.93,
        "q3_2011": 5304.25,
        "q2_2011": 3557.7,
        "q2_2012": 3984.13,
        "q2_2010": 3110.49,
        "region_filter": "Sub_Saharan_Africa",
        "account": "Minority Interest",
        "id": 120,
        "q4_2010": 8438.45,
        "q4_2011": 8013.31,
        "q1_2010": 8250.34,
        "region": "Africa",
        "q1_2011": 5073.53,
        "q1_2012": 7476.82
    },
    {
        "q3_2010": 7202.91,
        "q3_2011": 6451.93,
        "q2_2011": 9975.5,
        "q2_2012": 6291.33,
        "q2_2010": 3302.01,
        "region_filter": "asia",
        "account": "Net Income - Continuing Ops",
        "id": 121,
        "q4_2010": 3133.89,
        "q4_2011": 5273.17,
        "q1_2010": 6830.97,
        "region": "Asia",
        "q1_2011": 5969.7,
        "q1_2012": 6759.32
    },
    {
        "q3_2010": 5236.05,
        "q3_2011": 4648.96,
        "q2_2011": 5967.32,
        "q2_2012": 5230.42,
        "q2_2010": 8390.02,
        "region_filter": "Australia_and_Oceania",
        "account": "Net Income - Continuing Ops",
        "id": 122,
        "q4_2010": 3891.74,
        "q4_2011": 4045.75,
        "q1_2010": 7823.1,
        "region": "Australia",
        "q1_2011": 7344.27,
        "q1_2012": 7734.53
    },
    {
        "q3_2010": 7376.13,
        "q3_2011": 7772.66,
        "q2_2011": 3069.02,
        "q2_2012": 6214.25,
        "q2_2010": 9177.66,
        "region_filter": "Central_America",
        "account": "Net Income - Continuing Ops",
        "id": 123,
        "q4_2010": 4843.77,
        "q4_2011": 8697.45,
        "q1_2010": 9193.18,
        "region": "Central America",
        "q1_2011": 3738.22,
        "q1_2012": 7536.44
    },
    {
        "q3_2010": 7831.11,
        "q3_2011": 7753.63,
        "q2_2011": 8575.75,
        "q2_2012": 9909.15,
        "q2_2010": 9876.31,
        "region_filter": "europe",
        "account": "Net Income - Continuing Ops",
        "id": 124,
        "q4_2010": 6222.63,
        "q4_2011": 6771.83,
        "q1_2010": 3801.87,
        "region": "Europe",
        "q1_2011": 7279.44,
        "q1_2012": 3019.44
    },
    {
        "q3_2010": 4603.71,
        "q3_2011": 9101.87,
        "q2_2011": 7400.32,
        "q2_2012": 4587.75,
        "q2_2010": 9915.85,
        "region_filter": "Middle_East",
        "account": "Net Income - Continuing Ops",
        "id": 125,
        "q4_2010": 8305.41,
        "q4_2011": 6657.89,
        "q1_2010": 6201.31,
        "region": "Middle East",
        "q1_2011": 9825.52,
        "q1_2012": 3713.61
    },
    {
        "q3_2010": 7242.36,
        "q3_2011": 6758.02,
        "q2_2011": 4007.24,
        "q2_2012": 9083.38,
        "q2_2010": 9486.73,
        "region_filter": "North_America",
        "account": "Net Income - Continuing Ops",
        "id": 126,
        "q4_2010": 4577.42,
        "q4_2011": 5145.32,
        "q1_2010": 5631.65,
        "region": "North America",
        "q1_2011": 6662.31,
        "q1_2012": 7131.13
    },
    {
        "q3_2010": 6300.6,
        "q3_2011": 4931.17,
        "q2_2011": 3253.94,
        "q2_2012": 4710.67,
        "q2_2010": 5492.22,
        "region_filter": "South_America",
        "account": "Net Income - Continuing Ops",
        "id": 127,
        "q4_2010": 6097.57,
        "q4_2011": 4575.6,
        "q1_2010": 3126.31,
        "region": "South America",
        "q1_2011": 9149.55,
        "q1_2012": 6134.32
    },
    {
        "q3_2010": 5939.76,
        "q3_2011": 5033.23,
        "q2_2011": 3739.19,
        "q2_2012": 9389.23,
        "q2_2010": 5487.73,
        "region_filter": "Sub_Saharan_Africa",
        "account": "Net Income - Continuing Ops",
        "id": 128,
        "q4_2010": 5544.74,
        "q4_2011": 3947.22,
        "q1_2010": 9480.43,
        "region": "Africa",
        "q1_2011": 7597.51,
        "q1_2012": 3079.06
    },
    {
        "q3_2010": 7442.29,
        "q3_2011": 7178.75,
        "q2_2011": 3441.18,
        "q2_2012": 3020.5,
        "q2_2010": 9657.8,
        "region_filter": "asia",
        "account": "Discontinued Operations",
        "id": 129,
        "q4_2010": 8182.53,
        "q4_2011": 6923.24,
        "q1_2010": 7130.21,
        "region": "Asia",
        "q1_2011": 6090.04,
        "q1_2012": 9824.99
    },
    {
        "q3_2010": 6861.59,
        "q3_2011": 3909.77,
        "q2_2011": 4813.87,
        "q2_2012": 5923.71,
        "q2_2010": 3752.36,
        "region_filter": "Australia_and_Oceania",
        "account": "Discontinued Operations",
        "id": 130,
        "q4_2010": 5328.5,
        "q4_2011": 5830.66,
        "q1_2010": 8187.45,
        "region": "Australia",
        "q1_2011": 7597.84,
        "q1_2012": 8366.43
    },
    {
        "q3_2010": 7560.34,
        "q3_2011": 3832.78,
        "q2_2011": 6611.55,
        "q2_2012": 4273.36,
        "q2_2010": 3478.94,
        "region_filter": "Central_America",
        "account": "Discontinued Operations",
        "id": 131,
        "q4_2010": 5273.19,
        "q4_2011": 7457.36,
        "q1_2010": 8480.03,
        "region": "Central America",
        "q1_2011": 7978.47,
        "q1_2012": 9904.2
    },
    {
        "q3_2010": 9617.06,
        "q3_2011": 4237.98,
        "q2_2011": 9451.61,
        "q2_2012": 7974.2,
        "q2_2010": 7534.25,
        "region_filter": "europe",
        "account": "Discontinued Operations",
        "id": 132,
        "q4_2010": 3632.11,
        "q4_2011": 6816.96,
        "q1_2010": 8919.98,
        "region": "Europe",
        "q1_2011": 7646.11,
        "q1_2012": 5105.47
    },
    {
        "q3_2010": 6732.51,
        "q3_2011": 7452.91,
        "q2_2011": 3916.19,
        "q2_2012": 4232.42,
        "q2_2010": 4944.96,
        "region_filter": "Middle_East",
        "account": "Discontinued Operations",
        "id": 133,
        "q4_2010": 3851.67,
        "q4_2011": 7356.35,
        "q1_2010": 3479.58,
        "region": "Middle East",
        "q1_2011": 5170.01,
        "q1_2012": 6785.37
    },
    {
        "q3_2010": 8024.24,
        "q3_2011": 6297.24,
        "q2_2011": 4630.44,
        "q2_2012": 3809.21,
        "q2_2010": 8933.17,
        "region_filter": "North_America",
        "account": "Discontinued Operations",
        "id": 134,
        "q4_2010": 5861.16,
        "q4_2011": 6245.18,
        "q1_2010": 8031.11,
        "region": "North America",
        "q1_2011": 9356.94,
        "q1_2012": 4971.22
    },
    {
        "q3_2010": 5842.27,
        "q3_2011": 6967.98,
        "q2_2011": 8219.77,
        "q2_2012": 7571.27,
        "q2_2010": 9448.44,
        "region_filter": "South_America",
        "account": "Discontinued Operations",
        "id": 135,
        "q4_2010": 8506.59,
        "q4_2011": 4179.16,
        "q1_2010": 6711.76,
        "region": "South America",
        "q1_2011": 7166.64,
        "q1_2012": 7352.9
    },
    {
        "q3_2010": 5504.52,
        "q3_2011": 3573.6,
        "q2_2011": 8927.09,
        "q2_2012": 3962.98,
        "q2_2010": 9285.66,
        "region_filter": "Sub_Saharan_Africa",
        "account": "Discontinued Operations",
        "id": 136,
        "q4_2010": 3346.32,
        "q4_2011": 5988.03,
        "q1_2010": 9676.37,
        "region": "Africa",
        "q1_2011": 7395.08,
        "q1_2012": 3343.04
    },
    {
        "q3_2010": 9500.01,
        "q3_2011": 3986.79,
        "q2_2011": 4369.63,
        "q2_2012": 5474.51,
        "q2_2010": 5711.93,
        "region_filter": "asia",
        "account": "Extraordinary Items",
        "id": 137,
        "q4_2010": 4451.57,
        "q4_2011": 9211.2,
        "q1_2010": 7191.01,
        "region": "Asia",
        "q1_2011": 4579.07,
        "q1_2012": 3847.26
    },
    {
        "q3_2010": 3537.05,
        "q3_2011": 3134.88,
        "q2_2011": 6772.79,
        "q2_2012": 7537.31,
        "q2_2010": 3954.18,
        "region_filter": "Australia_and_Oceania",
        "account": "Extraordinary Items",
        "id": 138,
        "q4_2010": 3691.05,
        "q4_2011": 3088.15,
        "q1_2010": 7357.02,
        "region": "Australia",
        "q1_2011": 5161.73,
        "q1_2012": 7976.65
    },
    {
        "q3_2010": 8001.42,
        "q3_2011": 4039.98,
        "q2_2011": 4471.88,
        "q2_2012": 9441.37,
        "q2_2010": 9074.77,
        "region_filter": "Central_America",
        "account": "Extraordinary Items",
        "id": 139,
        "q4_2010": 3734.84,
        "q4_2011": 8671.77,
        "q1_2010": 7185.23,
        "region": "Central America",
        "q1_2011": 8460.05,
        "q1_2012": 8545.89
    },
    {
        "q3_2010": 6398.55,
        "q3_2011": 5839.92,
        "q2_2011": 3571.36,
        "q2_2012": 5798.37,
        "q2_2010": 3471.44,
        "region_filter": "europe",
        "account": "Extraordinary Items",
        "id": 140,
        "q4_2010": 6628.51,
        "q4_2011": 5823.17,
        "q1_2010": 4898.91,
        "region": "Europe",
        "q1_2011": 6071.79,
        "q1_2012": 6010.08
    },
    {
        "q3_2010": 5497.72,
        "q3_2011": 3879.92,
        "q2_2011": 4614.27,
        "q2_2012": 5676.36,
        "q2_2010": 4537.68,
        "region_filter": "Middle_East",
        "account": "Extraordinary Items",
        "id": 141,
        "q4_2010": 6970.23,
        "q4_2011": 6919.98,
        "q1_2010": 5821.23,
        "region": "Middle East",
        "q1_2011": 8155.06,
        "q1_2012": 3055.51
    },
    {
        "q3_2010": 7403.39,
        "q3_2011": 8258.58,
        "q2_2011": 5405.19,
        "q2_2012": 7343.97,
        "q2_2010": 9993.62,
        "region_filter": "North_America",
        "account": "Extraordinary Items",
        "id": 142,
        "q4_2010": 8474.06,
        "q4_2011": 6578.48,
        "q1_2010": 8584.64,
        "region": "North America",
        "q1_2011": 9049.3,
        "q1_2012": 9566.32
    },
    {
        "q3_2010": 6979.68,
        "q3_2011": 5015.23,
        "q2_2011": 8046.27,
        "q2_2012": 6702.54,
        "q2_2010": 5919.55,
        "region_filter": "South_America",
        "account": "Extraordinary Items",
        "id": 143,
        "q4_2010": 3653.57,
        "q4_2011": 6067.22,
        "q1_2010": 9768.24,
        "region": "South America",
        "q1_2011": 6818.59,
        "q1_2012": 4831.17
    },
    {
        "q3_2010": 7556.02,
        "q3_2011": 7568.45,
        "q2_2011": 6945.3,
        "q2_2012": 5298.17,
        "q2_2010": 3389.53,
        "region_filter": "Sub_Saharan_Africa",
        "account": "Extraordinary Items",
        "id": 144,
        "q4_2010": 9924.11,
        "q4_2011": 4414.36,
        "q1_2010": 5823.43,
        "region": "Africa",
        "q1_2011": 7568.85,
        "q1_2012": 5022.33
    },
    {
        "q3_2010": 4429.37,
        "q3_2011": 9003.66,
        "q2_2011": 8412.57,
        "q2_2012": 8096.96,
        "q2_2010": 3122.95,
        "region_filter": "asia",
        "account": "Accounting Changes",
        "id": 145,
        "q4_2010": 4412.35,
        "q4_2011": 3781.49,
        "q1_2010": 7685.36,
        "region": "Asia",
        "q1_2011": 9474.3,
        "q1_2012": 7900.25
    },
    {
        "q3_2010": 3158.9,
        "q3_2011": 5297.27,
        "q2_2011": 8476.78,
        "q2_2012": 9871.32,
        "q2_2010": 7202.52,
        "region_filter": "Australia_and_Oceania",
        "account": "Accounting Changes",
        "id": 146,
        "q4_2010": 9351.98,
        "q4_2011": 3726.43,
        "q1_2010": 3786.57,
        "region": "Australia",
        "q1_2011": 7232.17,
        "q1_2012": 5332.06
    },
    {
        "q3_2010": 5462.24,
        "q3_2011": 5246.91,
        "q2_2011": 9036.89,
        "q2_2012": 5601.57,
        "q2_2010": 6404.01,
        "region_filter": "Central_America",
        "account": "Accounting Changes",
        "id": 147,
        "q4_2010": 8029.69,
        "q4_2011": 8276.18,
        "q1_2010": 7038.23,
        "region": "Central America",
        "q1_2011": 6296.04,
        "q1_2012": 8459.43
    },
    {
        "q3_2010": 6445.02,
        "q3_2011": 6426.65,
        "q2_2011": 7821.98,
        "q2_2012": 3811.51,
        "q2_2010": 4054.72,
        "region_filter": "europe",
        "account": "Accounting Changes",
        "id": 148,
        "q4_2010": 8019.3,
        "q4_2011": 4016.04,
        "q1_2010": 3873.58,
        "region": "Europe",
        "q1_2011": 9824.64,
        "q1_2012": 3561.08
    },
    {
        "q3_2010": 7811.86,
        "q3_2011": 5985.42,
        "q2_2011": 9936.68,
        "q2_2012": 8293.38,
        "q2_2010": 7206.76,
        "region_filter": "Middle_East",
        "account": "Accounting Changes",
        "id": 149,
        "q4_2010": 5457.47,
        "q4_2011": 3318.89,
        "q1_2010": 4815.27,
        "region": "Middle East",
        "q1_2011": 9198.18,
        "q1_2012": 7558.82
    },
    {
        "q3_2010": 7104.77,
        "q3_2011": 8886.61,
        "q2_2011": 5214.05,
        "q2_2012": 4406.47,
        "q2_2010": 7248.53,
        "region_filter": "North_America",
        "account": "Accounting Changes",
        "id": 150,
        "q4_2010": 5509.42,
        "q4_2011": 3133.44,
        "q1_2010": 3333.49,
        "region": "North America",
        "q1_2011": 9303.89,
        "q1_2012": 4299.17
    },
    {
        "q3_2010": 4487.85,
        "q3_2011": 7209.29,
        "q2_2011": 3346.64,
        "q2_2012": 6371.98,
        "q2_2010": 8389.52,
        "region_filter": "South_America",
        "account": "Accounting Changes",
        "id": 151,
        "q4_2010": 6759.88,
        "q4_2011": 8070.34,
        "q1_2010": 3160.48,
        "region": "South America",
        "q1_2011": 3537.1,
        "q1_2012": 6791.68
    },
    {
        "q3_2010": 8849.05,
        "q3_2011": 3085.68,
        "q2_2011": 9130.51,
        "q2_2012": 5008.76,
        "q2_2010": 4478.29,
        "region_filter": "Sub_Saharan_Africa",
        "account": "Accounting Changes",
        "id": 152,
        "q4_2010": 8242.74,
        "q4_2011": 6709.94,
        "q1_2010": 3554.06,
        "region": "Africa",
        "q1_2011": 5199.09,
        "q1_2012": 6796.06
    },
    {
        "q3_2010": 8543.37,
        "q3_2011": 8551.53,
        "q2_2011": 4656.42,
        "q2_2012": 3292.42,
        "q2_2010": 9439.14,
        "region_filter": "asia",
        "account": "Other Items",
        "id": 153,
        "q4_2010": 9494.79,
        "q4_2011": 7613.22,
        "q1_2010": 3175.48,
        "region": "Asia",
        "q1_2011": 4152.83,
        "q1_2012": 8128.23
    },
    {
        "q3_2010": 3350.18,
        "q3_2011": 7850.4,
        "q2_2011": 7827.14,
        "q2_2012": 5322.75,
        "q2_2010": 5604.94,
        "region_filter": "Australia_and_Oceania",
        "account": "Other Items",
        "id": 154,
        "q4_2010": 7549.26,
        "q4_2011": 6012.99,
        "q1_2010": 8335.08,
        "region": "Australia",
        "q1_2011": 8341.41,
        "q1_2012": 5809.73
    },
    {
        "q3_2010": 4280.52,
        "q3_2011": 8875.53,
        "q2_2011": 7002.46,
        "q2_2012": 8883.53,
        "q2_2010": 8673.87,
        "region_filter": "Central_America",
        "account": "Other Items",
        "id": 155,
        "q4_2010": 3146.07,
        "q4_2011": 3842.67,
        "q1_2010": 9006.48,
        "region": "Central America",
        "q1_2011": 7676.82,
        "q1_2012": 9409.69
    },
    {
        "q3_2010": 3875.26,
        "q3_2011": 3058.85,
        "q2_2011": 4231.56,
        "q2_2012": 8885.58,
        "q2_2010": 7619.69,
        "region_filter": "europe",
        "account": "Other Items",
        "id": 156,
        "q4_2010": 9715.43,
        "q4_2011": 7792.37,
        "q1_2010": 3833.28,
        "region": "Europe",
        "q1_2011": 8369.42,
        "q1_2012": 8171.32
    },
    {
        "q3_2010": 6144.2,
        "q3_2011": 7625.47,
        "q2_2011": 4302.85,
        "q2_2012": 6503.92,
        "q2_2010": 4791.89,
        "region_filter": "Middle_East",
        "account": "Other Items",
        "id": 157,
        "q4_2010": 8571.34,
        "q4_2011": 8876.71,
        "q1_2010": 9958.01,
        "region": "Middle East",
        "q1_2011": 9003.11,
        "q1_2012": 6508.69
    },
    {
        "q3_2010": 9050.27,
        "q3_2011": 6726.29,
        "q2_2011": 9124.95,
        "q2_2012": 4561.77,
        "q2_2010": 8369.53,
        "region_filter": "North_America",
        "account": "Other Items",
        "id": 158,
        "q4_2010": 7158.37,
        "q4_2011": 6828.53,
        "q1_2010": 9851.77,
        "region": "North America",
        "q1_2011": 6755.75,
        "q1_2012": 3513.52
    },
    {
        "q3_2010": 9202.34,
        "q3_2011": 5160.42,
        "q2_2011": 5493.58,
        "q2_2012": 6729.13,
        "q2_2010": 7974.45,
        "region_filter": "South_America",
        "account": "Other Items",
        "id": 159,
        "q4_2010": 5083.2,
        "q4_2011": 3358.72,
        "q1_2010": 3442.1,
        "region": "South America",
        "q1_2011": 8805.55,
        "q1_2012": 3843.53
    },
    {
        "q3_2010": 6907.97,
        "q3_2011": 6753.57,
        "q2_2011": 4963.54,
        "q2_2012": 9675.36,
        "q2_2010": 4545.69,
        "region_filter": "Sub_Saharan_Africa",
        "account": "Other Items",
        "id": 160,
        "q4_2010": 4265.21,
        "q4_2011": 9076.31,
        "q1_2010": 4920.34,
        "region": "Africa",
        "q1_2011": 3418.78,
        "q1_2012": 8349.57
    },
    {
        "q3_2010": 7909.96,
        "q3_2011": 8437.15,
        "q2_2011": 5677.8,
        "q2_2012": 7759.7,
        "q2_2010": 5028.06,
        "region_filter": "asia",
        "account": "Net Income",
        "id": 161,
        "q4_2010": 8916.82,
        "q4_2011": 3803.69,
        "q1_2010": 6818.88,
        "region": "Asia",
        "q1_2011": 9439.35,
        "q1_2012": 5431.69
    },
    {
        "q3_2010": 7112.5,
        "q3_2011": 7214.06,
        "q2_2011": 3498.78,
        "q2_2012": 7417.22,
        "q2_2010": 9804.24,
        "region_filter": "Australia_and_Oceania",
        "account": "Net Income",
        "id": 162,
        "q4_2010": 3330.02,
        "q4_2011": 7029.2,
        "q1_2010": 3278.42,
        "region": "Australia",
        "q1_2011": 6496.63,
        "q1_2012": 7428.51
    },
    {
        "q3_2010": 5797.0,
        "q3_2011": 3388.25,
        "q2_2011": 3567.38,
        "q2_2012": 8908.61,
        "q2_2010": 6803.31,
        "region_filter": "Central_America",
        "account": "Net Income",
        "id": 163,
        "q4_2010": 5954.59,
        "q4_2011": 9298.42,
        "q1_2010": 5442.94,
        "region": "Central America",
        "q1_2011": 4289.83,
        "q1_2012": 3713.68
    },
    {
        "q3_2010": 9206.35,
        "q3_2011": 3923.84,
        "q2_2011": 5913.83,
        "q2_2012": 7646.51,
        "q2_2010": 8488.08,
        "region_filter": "europe",
        "account": "Net Income",
        "id": 164,
        "q4_2010": 9088.05,
        "q4_2011": 3521.98,
        "q1_2010": 6103.47,
        "region": "Europe",
        "q1_2011": 8367.43,
        "q1_2012": 9907.0
    },
    {
        "q3_2010": 6118.86,
        "q3_2011": 5039.73,
        "q2_2011": 7978.39,
        "q2_2012": 7229.04,
        "q2_2010": 7794.03,
        "region_filter": "Middle_East",
        "account": "Net Income",
        "id": 165,
        "q4_2010": 3160.19,
        "q4_2011": 6536.81,
        "q1_2010": 9458.82,
        "region": "Middle East",
        "q1_2011": 5091.57,
        "q1_2012": 4313.62
    },
    {
        "q3_2010": 4378.98,
        "q3_2011": 9404.03,
        "q2_2011": 6068.67,
        "q2_2012": 4705.52,
        "q2_2010": 6573.96,
        "region_filter": "North_America",
        "account": "Net Income",
        "id": 166,
        "q4_2010": 6868.35,
        "q4_2011": 3050.64,
        "q1_2010": 8733.86,
        "region": "North America",
        "q1_2011": 3751.89,
        "q1_2012": 6125.7
    },
    {
        "q3_2010": 9645.49,
        "q3_2011": 9322.03,
        "q2_2011": 6059.47,
        "q2_2012": 8064.96,
        "q2_2010": 6415.75,
        "region_filter": "South_America",
        "account": "Net Income",
        "id": 167,
        "q4_2010": 7037.24,
        "q4_2011": 8208.0,
        "q1_2010": 6147.52,
        "region": "South America",
        "q1_2011": 4846.21,
        "q1_2012": 6718.41
    },
    {
        "q3_2010": 7667.2,
        "q3_2011": 7582.76,
        "q2_2011": 3054.65,
        "q2_2012": 8175.89,
        "q2_2010": 8419.35,
        "region_filter": "Sub_Saharan_Africa",
        "account": "Net Income",
        "id": 168,
        "q4_2010": 7319.51,
        "q4_2011": 5713.0,
        "q1_2010": 5912.96,
        "region": "Africa",
        "q1_2011": 4018.69,
        "q1_2012": 6173.38
    },
    {
        "q3_2010": 3801.05,
        "q3_2011": 5696.19,
        "q2_2011": 3277.78,
        "q2_2012": 7169.22,
        "q2_2010": 4231.67,
        "region_filter": "asia",
        "account": "Preferred Stock Adjustments",
        "id": 169,
        "q4_2010": 7797.14,
        "q4_2011": 6320.36,
        "q1_2010": 8871.84,
        "region": "Asia",
        "q1_2011": 7356.07,
        "q1_2012": 3833.26
    },
    {
        "q3_2010": 8620.68,
        "q3_2011": 6764.37,
        "q2_2011": 3102.95,
        "q2_2012": 7092.05,
        "q2_2010": 6063.45,
        "region_filter": "Australia_and_Oceania",
        "account": "Preferred Stock Adjustments",
        "id": 170,
        "q4_2010": 8262.8,
        "q4_2011": 4234.2,
        "q1_2010": 4247.1,
        "region": "Australia ",
        "q1_2011": 9944.53,
        "q1_2012": 8621.44
    },
    {
        "q3_2010": 3223.92,
        "q3_2011": 9804.99,
        "q2_2011": 6366.75,
        "q2_2012": 7097.15,
        "q2_2010": 8761.14,
        "region_filter": "Central_America",
        "account": "Preferred Stock Adjustments",
        "id": 171,
        "q4_2010": 9446.68,
        "q4_2011": 6931.64,
        "q1_2010": 3328.4,
        "region": "Central America",
        "q1_2011": 4864.07,
        "q1_2012": 8430.38
    },
    {
        "q3_2010": 6933.66,
        "q3_2011": 6319.93,
        "q2_2011": 3270.41,
        "q2_2012": 7263.7,
        "q2_2010": 9600.52,
        "region_filter": "europe",
        "account": "Preferred Stock Adjustments",
        "id": 172,
        "q4_2010": 9182.88,
        "q4_2011": 4203.61,
        "q1_2010": 4561.26,
        "region": "Europe",
        "q1_2011": 4489.14,
        "q1_2012": 5996.77
    },
    {
        "q3_2010": 9492.05,
        "q3_2011": 4659.92,
        "q2_2011": 8825.93,
        "q2_2012": 6978.14,
        "q2_2010": 3488.41,
        "region_filter": "Middle_East",
        "account": "Preferred Stock Adjustments",
        "id": 173,
        "q4_2010": 5458.79,
        "q4_2011": 6386.07,
        "q1_2010": 8281.21,
        "region": "Middle East",
        "q1_2011": 8204.23,
        "q1_2012": 5788.58
    },
    {
        "q3_2010": 6510.56,
        "q3_2011": 8374.91,
        "q2_2011": 7777.52,
        "q2_2012": 3286.68,
        "q2_2010": 3274.13,
        "region_filter": "North_America",
        "account": "Preferred Stock Adjustments",
        "id": 174,
        "q4_2010": 8510.5,
        "q4_2011": 6624.63,
        "q1_2010": 8665.83,
        "region": "North America",
        "q1_2011": 6732.79,
        "q1_2012": 7442.73
    },
    {
        "q3_2010": 4980.46,
        "q3_2011": 6457.5,
        "q2_2011": 7342.59,
        "q2_2012": 5208.44,
        "q2_2010": 6590.51,
        "region_filter": "South_America",
        "account": "Preferred Stock Adjustments",
        "id": 175,
        "q4_2010": 4574.1,
        "q4_2011": 4143.53,
        "q1_2010": 5810.24,
        "region": "South America",
        "q1_2011": 9812.27,
        "q1_2012": 8487.15
    },
    {
        "q3_2010": 8137.28,
        "q3_2011": 9120.83,
        "q2_2011": 5697.17,
        "q2_2012": 5552.41,
        "q2_2010": 7220.11,
        "region_filter": "Sub_Saharan_Africa",
        "account": "Preferred Stock Adjustments",
        "id": 176,
        "q4_2010": 8082.49,
        "q4_2011": 3841.32,
        "q1_2010": 4099.99,
        "region": "Africa",
        "q1_2011": 3763.68,
        "q1_2012": 6607.85
    },
    {
        "q3_2010": 5580.13,
        "q3_2011": 6597.13,
        "q2_2011": 9951.01,
        "q2_2012": 8319.13,
        "q2_2010": 5513.54,
        "region_filter": "asia",
        "account": "Net Income - Common Shares",
        "id": 177,
        "q4_2010": 8573.85,
        "q4_2011": 9802.01,
        "q1_2010": 6912.09,
        "region": "Asia",
        "q1_2011": 3146.23,
        "q1_2012": 7961.72
    },
    {
        "q3_2010": 3573.88,
        "q3_2011": 7982.25,
        "q2_2011": 3236.17,
        "q2_2012": 9376.37,
        "q2_2010": 5997.16,
        "region_filter": "Australia_and_Oceania",
        "account": "Net Income - Common Shares",
        "id": 178,
        "q4_2010": 5709.18,
        "q4_2011": 6819.17,
        "q1_2010": 8006.62,
        "region": "Australia",
        "q1_2011": 5695.36,
        "q1_2012": 5114.65
    },
    {
        "q3_2010": 5739.55,
        "q3_2011": 7266.86,
        "q2_2011": 5812.94,
        "q2_2012": 9286.28,
        "q2_2010": 5709.62,
        "region_filter": "Central_America",
        "account": "Net Income - Common Shares",
        "id": 179,
        "q4_2010": 9238.4,
        "q4_2011": 4096.23,
        "q1_2010": 7799.09,
        "region": "Central America",
        "q1_2011": 7567.6,
        "q1_2012": 5249.01
    },
    {
        "q3_2010": 4732.94,
        "q3_2011": 9194.03,
        "q2_2011": 5273.98,
        "q2_2012": 8997.75,
        "q2_2010": 7982.81,
        "region_filter": "europe",
        "account": "Net Income - Common Shares",
        "id": 180,
        "q4_2010": 3290.67,
        "q4_2011": 6696.21,
        "q1_2010": 3776.77,
        "region": "Europe",
        "q1_2011": 5916.04,
        "q1_2012": 4679.29
    },
    {
        "q3_2010": 5682.13,
        "q3_2011": 3367.61,
        "q2_2011": 7902.61,
        "q2_2012": 4858.76,
        "q2_2010": 9584.08,
        "region_filter": "Middle_East",
        "account": "Net Income - Common Shares",
        "id": 181,
        "q4_2010": 4893.92,
        "q4_2011": 6994.47,
        "q1_2010": 3577.42,
        "region": "Middle East",
        "q1_2011": 4379.62,
        "q1_2012": 7146.35
    },
    {
        "q3_2010": 9867.5,
        "q3_2011": 7872.88,
        "q2_2011": 9265.23,
        "q2_2012": 7049.87,
        "q2_2010": 5279.58,
        "region_filter": "North_America",
        "account": "Net Income - Common Shares",
        "id": 182,
        "q4_2010": 9462.57,
        "q4_2011": 9281.4,
        "q1_2010": 8396.72,
        "region": "North America",
        "q1_2011": 8406.37,
        "q1_2012": 4489.07
    },
    {
        "q3_2010": 9189.06,
        "q3_2011": 7313.19,
        "q2_2011": 6005.99,
        "q2_2012": 5948.6,
        "q2_2010": 4563.8,
        "region_filter": "South_America",
        "account": "Net Income - Common Shares",
        "id": 183,
        "q4_2010": 9620.2,
        "q4_2011": 6390.66,
        "q1_2010": 7347.17,
        "region": "South America",
        "q1_2011": 9128.86,
        "q1_2012": 7048.27
    },
    {
        "q3_2010": 7814.36,
        "q3_2011": 5000.43,
        "q2_2011": 6396.17,
        "q2_2012": 9910.69,
        "q2_2010": 8077.12,
        "region_filter": "Sub_Saharan_Africa",
        "account": "Net Income - Common Shares",
        "id": 184,
        "q4_2010": 7261.53,
        "q4_2011": 7128.18,
        "q1_2010": 4947.71,
        "region": "Africa",
        "q1_2011": 3874.56,
        "q1_2012": 6650.19
    }
]
